{"cameraMode":{"drawMode":0,"name":"Shaded","section":"Shading Mode"},"sceneLighting":false,"audioPlay":false,"sceneViewState":{"m_AlwaysRefresh":false,"showFog":true,"showSkybox":false,"showFlares":true,"showImageEffects":true,"showParticleSystems":true,"showVisualEffectGraphs":true,"m_FxEnabled":true},"in2DMode":false,"pivot":{"x":-1.5474886894226075,"y":0.07199738919734955,"z":-0.43035823106765749},"rotation":{"x":0.004187457263469696,"y":-0.037493836134672168,"z":-0.00015708559658378363,"w":-0.9992882609367371},"size":4.032369136810303,"orthographic":false}